{"digests":{"css/app-8af84d48050034d540630a310a99d146.css":{"digest":"8af84d48050034d540630a310a99d146","logical_path":"css/app.css","mtime":63786044434,"sha512":"9AjC8tM+YUK2D/RbsQhOkvoJz0fbH1zttj9DEu0APWpLUF93PaHux9y7dBDI3gZNr+E/XGdsKi1zsoHZF7/Zxw==","size":10921},"favicon-a8ca4e3a2bb8fea46a9ee9e102e7d3eb.ico":{"digest":"a8ca4e3a2bb8fea46a9ee9e102e7d3eb","logical_path":"favicon.ico","mtime":63786044434,"sha512":"vCKvNNXeSP/2RRr6IN8PVa8/Hl6ImUO7miAOIMABYwbCzlm0UTRsY30uYb1k5gcCOPIsv6nZuFlJj/h8z+InzQ==","size":1258},"images/phoenix-5bd99a0d17dd41bc9d9bf6840abcc089.png":{"digest":"5bd99a0d17dd41bc9d9bf6840abcc089","logical_path":"images/phoenix.png","mtime":63786044434,"sha512":"93pY5dBa8nHHi0Zfj75O/vXCBXb+UvEVCyU7Yd3pzOJ7o1wkYBWbvs3pVXhBChEmo8MDANT11vsggo2+bnYqoQ==","size":13900},"js/app-3e8e68f8ae71c42eed3068d0dd4313bf.js":{"digest":"3e8e68f8ae71c42eed3068d0dd4313bf","logical_path":"js/app.js","mtime":63786044434,"sha512":"0swgt7X03+xx9cipeZzog7HsgFC0zy4orAcFSbNxEt5hQBKP53U4jfP5cdR8e/eFxGz5H7lDZ0Mwjbl3MPDsNA==","size":327339},"robots-067185ba27a5d9139b10a759679045bf.txt":{"digest":"067185ba27a5d9139b10a759679045bf","logical_path":"robots.txt","mtime":63786044434,"sha512":"8FA6TZeCo3hFYcQ+9knbh3TrhkqGzYJx/uD5yRvggwM7gwfBPrPGqqrbVTZjnnnvlsw1zs1WJTPYez1zr/U4ug==","size":202}},"latest":{"css/app.css":"css/app-8af84d48050034d540630a310a99d146.css","favicon.ico":"favicon-a8ca4e3a2bb8fea46a9ee9e102e7d3eb.ico","images/phoenix.png":"images/phoenix-5bd99a0d17dd41bc9d9bf6840abcc089.png","js/app.js":"js/app-3e8e68f8ae71c42eed3068d0dd4313bf.js","robots.txt":"robots-067185ba27a5d9139b10a759679045bf.txt"},"version":1}